{
    "municipios": {
        "Cabo de Santo Agostinho": {
            "IAG0001": 0.214882,
            "IAG2006": 0.92433,
            "IAG2013": 0.978075,
            "IES0001": 0.0,
            "IES2004": 1.0,
            "IFE1001": 0.759633,
            "IRS0001": 0.739297,
            "IRS1004": 0.618375,
            "IRS3002": 0.0,
            "IAP0002": 0.705672,
            "IFD0010": 0.0,
            "IGR0002": 0.02451,
            "Cluster": 1
        },
        "Caruaru": {
            "IAG0001": 0.884574,
            "IAG2006": 0.487338,
            "IAG2013": 0.045455,
            "IES0001": 0.464384,
            "IES2004": 1.0,
            "IFE1001": 0.574312,
            "IRS0001": 0.946424,
            "IRS1004": 0.385159,
            "IRS3002": 0.0,
            "IAP0002": 0.220448,
            "IFD0010": 0.309039,
            "IGR0002": 0.0,
            "Cluster": 3
        },
        "Jaboatão dos Guararapes": {
            "IAG0001": 0.0,
            "IAG2006": 0.833196,
            "IAG2013": 0.577807,
            "IES0001": 0.124559,
            "IES2004": 1.0,
            "IFE1001": 0.79633,
            "IRS0001": 0.947859,
            "IRS1004": 0.378092,
            "IRS3002": 0.0,
            "IAP0002": 0.683134,
            "IFD0010": 1.0,
            "IGR0002": 0.020833,
            "Cluster": 1
        },
        "Olinda": {
            "IAG0001": 0.631942,
            "IAG2006": 0.659745,
            "IAG2013": 0.557487,
            "IES0001": 0.332506,
            "IES2004": 1.0,
            "IFE1001": 0.788991,
            "IRS0001": 0.976561,
            "IRS1004": 0.233216,
            "IRS3002": 0.0,
            "IAP0002": 0.586866,
            "IFD0010": 0.16407,
            "IGR0002": 0.0,
            "Cluster": 3
        },
        "Paulista": {
            "IAG0001": 0.384029,
            "IAG2006": 0.42601,
            "IAG2013": 0.427273,
            "IES0001": 0.370148,
            "IES2004": 1.0,
            "IFE1001": 0.662385,
            "IRS0001": 0.884238,
            "IRS1004": 0.477032,
            "IRS3002": 0.0,
            "IAP0002": 0.295224,
            "IFD0010": 0.0,
            "IGR0002": 0.0,
            "Cluster": 3
        },
        "Petrolina": {
            "IAG0001": 0.201089,
            "IAG2006": 0.610592,
            "IAG2013": 0.149198,
            "IES0001": 0.717292,
            "IES2004": 1.0,
            "IFE1001": 0.455046,
            "IRS0001": 1.0,
            "IRS1004": 0.367491,
            "IRS3002": 1.0,
            "IAP0002": 0.093134,
            "IFD0010": 0.0,
            "IGR0002": 0.001225,
            "Cluster": 2
        },
        "Recife": {
            "IAG0001": 0.396007,
            "IAG2006": 1.0,
            "IAG2013": 0.631283,
            "IES0001": 0.387531,
            "IES2004": 0.996053,
            "IFE1001": 1.0,
            "IRS0001": 0.961492,
            "IRS1004": 0.5053,
            "IRS3002": 0.0,
            "IAP0002": 1.0,
            "IFD0010": 0.017283,
            "IGR0002": 0.0,
            "Cluster": 1
        },
        "Alagoinhas": {
            "IAG0001": 0.819964,
            "IAG2006": 0.154254,
            "IAG2013": 1.0,
            "IES0001": 0.233434,
            "IES2004": 0.514876,
            "IFE1001": 0.636697,
            "IRS0001": 0.832576,
            "IRS1004": 0.194346,
            "IRS3002": 0.0,
            "IAP0002": 0.404776,
            "IFD0010": 0.0,
            "IGR0002": 0.003676,
            "Cluster": 3
        },
        "Barreiras": {
            "IAG0001": 0.861706,
            "IAG2006": 0.344737,
            "IAG2013": 0.066578,
            "IES0001": 0.84538,
            "IES2004": 1.0,
            "IFE1001": 0.840367,
            "IRS0001": 0.535279,
            "IRS1004": 0.34629,
            "IRS3002": 0.0,
            "IAP0002": 0.047612,
            "IFD0010": 0.108357,
            "IGR0002": 0.0,
            "Cluster": 0
        },
        "Camaçari": {
            "IAG0001": 0.88167,
            "IAG2006": 0.420483,
            "IAG2013": 0.705882,
            "IES0001": 0.451706,
            "IES2004": 0.99408,
            "IFE1001": 0.607339,
            "IRS0001": 0.903372,
            "IRS1004": 0.618375,
            "IRS3002": 0.0,
            "IAP0002": 0.39,
            "IFD0010": 0.242297,
            "IGR0002": 0.0,
            "Cluster": 3
        },
        "Feira de Santana": {
            "IAG0001": 0.71216,
            "IAG2006": 0.194517,
            "IAG2013": 0.316043,
            "IES0001": 0.553784,
            "IES2004": 0.999241,
            "IFE1001": 0.726606,
            "IRS0001": 1.0,
            "IRS1004": 0.611307,
            "IRS3002": 0.0,
            "IAP0002": 0.164179,
            "IFD0010": 0.796475,
            "IGR0002": 0.0,
            "Cluster": 3
        },
        "Ilhéus": {
            "IAG0001": 0.591289,
            "IAG2006": 0.231194,
            "IAG2013": 0.272727,
            "IES0001": 0.620834,
            "IES2004": 1.0,
            "IFE1001": 0.801835,
            "IRS0001": 0.0,
            "IRS1004": 0.434629,
            "IRS3002": 0.0,
            "IAP0002": 0.707612,
            "IFD0010": 0.0,
            "IGR0002": 0.080882,
            "Cluster": 0
        },
        "Itabuna": {
            "IAG0001": 0.82686,
            "IAG2006": 0.389034,
            "IAG2013": 0.49238,
            "IES0001": 0.841328,
            "IES2004": 0.0,
            "IFE1001": 0.031193,
            "IRS0001": 0.867735,
            "IRS1004": 1.0,
            "IRS3002": 0.0,
            "IAP0002": 0.063284,
            "IFD0010": 0.02797,
            "IGR0002": 0.129902,
            "Cluster": 2
        },
        "Jequié": {
            "IAG0001": 0.713975,
            "IAG2006": 0.128184,
            "IAG2013": 0.0,
            "IES0001": 0.908247,
            "IES2004": 0.999545,
            "IFE1001": 0.833028,
            "IRS0001": 1.0,
            "IRS1004": 0.0,
            "IRS3002": 0.0,
            "IAP0002": 0.0,
            "IFD0010": 0.329505,
            "IGR0002": 1.0,
            "Cluster": 0
        },
        "Juazeiro": {
            "IAG0001": 0.97314,
            "IAG2006": 0.357586,
            "IAG2013": 0.333155,
            "IES0001": 0.922494,
            "IES2004": 0.459775,
            "IFE1001": 0.0,
            "IRS0001": 0.550586,
            "IRS1004": 0.424028,
            "IRS3002": 1.0,
            "IAP0002": 0.024478,
            "IFD0010": 0.0,
            "IGR0002": 0.0,
            "Cluster": 2
        },
        "Lauro de Freitas": {
            "IAG0001": 1.0,
            "IAG2006": 0.488235,
            "IAG2013": 0.609626,
            "IES0001": 0.373023,
            "IES2004": 0.963874,
            "IFE1001": 0.423853,
            "IRS0001": 1.0,
            "IRS1004": 0.363958,
            "IRS3002": 0.0,
            "IAP0002": 0.724478,
            "IFD0010": 0.101308,
            "IGR0002": 0.0,
            "Cluster": 3
        },
        "Porto Seguro": {
            "IAG0001": 0.2098,
            "IAG2006": 0.0,
            "IAG2013": 0.186631,
            "IES0001": 0.651287,
            "IES2004": 1.0,
            "IFE1001": 0.910092,
            "IRS0001": 0.577374,
            "IRS1004": 0.416961,
            "IRS3002": 0.0,
            "IAP0002": 0.056716,
            "IFD0010": 0.0,
            "IGR0002": 0.002451,
            "Cluster": 0
        },
        "Salvador": {
            "IAG0001": 0.985844,
            "IAG2006": 0.306193,
            "IAG2013": 0.79893,
            "IES0001": 1.0,
            "IES2004": 0.96357,
            "IFE1001": 0.895413,
            "IRS0001": 1.0,
            "IRS1004": 0.54417,
            "IRS3002": 0.0,
            "IAP0002": 0.758507,
            "IFD0010": 0.555998,
            "IGR0002": 0.0,
            "Cluster": 3
        },
        "Vitória da Conquista": {
            "IAG0001": 0.932849,
            "IAG2006": 0.096362,